{
    "batchName": "",
    "batchTime": 0,
    "boardConf": "",
    "boardCustom": "",
    "boardName": "BW1098OBC",
    "boardOptions": 0,
    "boardRev": "R0M0E0",
    "cameraData": [
        [
            2,
            {
                "cameraType": 0,
                "distortionCoeff": [
                    -5.078116416931152,
                    15.879791259765625,
                    0.0021476491820067167,
                    -0.001075476873666048,
                    -15.518391609191895,
                    -5.129999160766602,
                    16.076541900634766,
                    -15.705009460449219,
                    0.0,
                    0.0,
                    0.0,
                    0.0,
                    0.0,
                    0.0
                ],
                "extrinsics": {
                    "rotationMatrix": [
                        [
                            0.9999862909317017,
                            0.0018010170897468925,
                            -0.004921318031847477
                        ],
                        [
                            -0.0018101825844496489,
                            0.9999966621398926,
                            -0.0018585760844871402
                        ],
                        [
                            0.004917954094707966,
                            0.0018674590392038226,
                            0.9999861717224121
                        ]
                    ],
                    "specTranslation": {
                        "x": 3.750000238418579,
                        "y": 0.0,
                        "z": 0.0
                    },
                    "toCameraSocket": 0,
                    "translation": {
                        "x": 3.755993127822876,
                        "y": -0.02414822205901146,
                        "z": -0.08319135010242462
                    }
                },
                "height": 800,
                "intrinsicMatrix": [
                    [
                        853.0818481445313,
                        0.0,
                        645.307373046875
                    ],
                    [
                        0.0,
                        853.7911376953125,
                        398.2079162597656
                    ],
                    [
                        0.0,
                        0.0,
                        1.0
                    ]
                ],
                "lensPosition": 0,
                "specHfovDeg": 71.86000061035156,
                "width": 1280
            }
        ],
        [
            1,
            {
                "cameraType": 0,
                "distortionCoeff": [
                    -5.246064186096191,
                    18.23759651184082,
                    0.001061954884789884,
                    0.0006014787941239774,
                    -17.459869384765625,
                    -5.302164077758789,
                    18.43526268005371,
                    -17.64195442199707,
                    0.0,
                    0.0,
                    0.0,
                    0.0,
                    0.0,
                    0.0
                ],
                "extrinsics": {
                    "rotationMatrix": [
                        [
                            0.9999483823776245,
                            0.004372132942080498,
                            0.009171291254460812
                        ],
                        [
                            -0.004379363730549812,
                            0.9999901056289673,
                            0.0007684941519983113
                        ],
                        [
                            -0.009167840704321861,
                            -0.0008086189045570791,
                            0.9999576210975647
                        ]
                    ],
                    "specTranslation": {
                        "x": -7.500000476837158,
                        "y": 0.0,
                        "z": 0.0
                    },
                    "toCameraSocket": 2,
                    "translation": {
                        "x": -7.482669353485107,
                        "y": -0.001528545981273055,
                        "z": 0.001944227609783411
                    }
                },
                "height": 800,
                "intrinsicMatrix": [
                    [
                        851.2913208007813,
                        0.0,
                        636.6636352539063
                    ],
                    [
                        0.0,
                        851.6532592773438,
                        400.66473388671875
                    ],
                    [
                        0.0,
                        0.0,
                        1.0
                    ]
                ],
                "lensPosition": 0,
                "specHfovDeg": 71.86000061035156,
                "width": 1280
            }
        ],
        [
            0,
            {
                "cameraType": 0,
                "distortionCoeff": [
                    -1.2590420246124268,
                    16.42758560180664,
                    0.0017739346949383616,
                    -0.0003488647926133126,
                    66.9500961303711,
                    -1.5612622499465942,
                    18.2186279296875,
                    62.72804260253906,
                    0.0,
                    0.0,
                    0.0,
                    0.0,
                    0.0,
                    0.0
                ],
                "extrinsics": {
                    "rotationMatrix": [],
                    "specTranslation": {
                        "x": 0.0,
                        "y": 0.0,
                        "z": 0.0
                    },
                    "toCameraSocket": -1,
                    "translation": {
                        "x": 0.0,
                        "y": 0.0,
                        "z": 0.0
                    }
                },
                "height": 1080,
                "intrinsicMatrix": [
                    [
                        1485.187255859375,
                        0.0,
                        957.6279907226563
                    ],
                    [
                        0.0,
                        1483.3082275390625,
                        534.66552734375
                    ],
                    [
                        0.0,
                        0.0,
                        1.0
                    ]
                ],
                "lensPosition": 135,
                "specHfovDeg": 68.7938003540039,
                "width": 1920
            }
        ]
    ],
    "hardwareConf": "",
    "imuExtrinsics": {
        "rotationMatrix": [],
        "specTranslation": {
            "x": 0.0,
            "y": 0.0,
            "z": 0.0
        },
        "toCameraSocket": -1,
        "translation": {
            "x": 0.0,
            "y": 0.0,
            "z": 0.0
        }
    },
    "miscellaneousData": [],
    "productName": "",
    "stereoRectificationData": {
        "leftCameraSocket": 1,
        "rectifiedRotationLeft": [
            [
                0.9999498128890991,
                0.004576618783175945,
                0.008911628276109695
            ],
            [
                -0.0045801252126693726,
                0.9999894499778748,
                0.0003731295291800052
            ],
            [
                -0.008909826166927814,
                -0.00041392719140276313,
                0.9999602437019348
            ]
        ],