{
    "device_type": "D435i",
    "imus": [
        {
            "accelerometer": {
                "bias": [
                    -0.17789899284647606,
                    0.17370916872754363,
                    0.39452765174315524
                ],
                "scale_and_alignment": [
                    1.0260400702796337,
                    0.02436115608509466,
                    -0.001169214152504371,
                    -0.006331526807793725,
                    1.0192969584093223,
                    -0.029383894243953934,
                    -0.022924787793678007,
                    -0.018174006995386818,
                    1.0106705693968727
                ]
            },
            "gyroscope": {
                "bias": [
                    -0.0037811798634287087,
                    -0.005582082320784523,
                    -0.001014623933085352
                ],
                "scale_and_alignment": [
                    1.0,
                    0.0,
                    0.0,
                    0.0,
                    1.0,
                    0.0,
                    0.0,
                    0.0,
                    1.0
                ]
            }
        }
    ]
}